,title,url,org,top_topic,flesch,gunning_fog
4969,"A Cruz, Rubio battle over undecided Iowans intensifies",http://hosted2.ap.org/APDEFAULT/3d281c11a96b4ad082fe88aa0db04305/Article_2016-01-06-US--GOP%202016-Undecided%20Voters/id-afac22b802594cf7a5993deca4f5fb21,ap,Foreign Policy/National Security,10.3,9.2
4972,Ad of the Week: Ted Cruz Shows Marco Rubio Speaking Obama’s Language,http://www.nytimes.com/2016/02/21/us/politics/ted-cruz-shows-marco-rubio-speaking-obamas-language.html,nyt,Campaign Finance,4.8,6.0
4975,"Among GOP rivals to Trump and Cruz, Rubio has most cash",http://hosted2.ap.org/APDEFAULT/89ae8247abe8493fae24405546e9a1aa/Article_2016-02-01-US--Campaign%202016-Money/id-8d1d218c064248b6960b97500075784d,ap,Campaign Finance,6.8,8.0
4976,An Iowa Voter Forced Ted Cruz To Confront The Human Toll Of Repealing Obamacare,http://www.huffingtonpost.com/2016/01/30/ted-cruz-obamacare-iowa_n_9123292.html,huffpo,Health Care,11.5,10.4
4977,Another Cruz mailer in the cross-hairs,http://www.mcclatchydc.com/news/nation-world/national/article59217588.html,mcclatchy,Campaign Finance,9.1,9.2
4978,"Another Pro-Cruz Super PAC Launches, This One Led by Rick Perry",http://blogs.wsj.com/washwire/2016/02/12/another-pro-cruz-super-pac-launches-this-one-led-by-rick-perry/,wsj,Campaign Finance,8.4,8.4
4979,Anti-abortion group wants attacks on Rubio and Cruz to stop,http://www.politico.com/story/2016/02/new-hampshire-2016-abortion-ted-cruz-marco-rubio-218755,politico,Abortion,10.7,12.0
4986,"As Donald Trump and Ted Cruz Soar, G.O.P. Leaders’ Exasperation Grows",http://www.nytimes.com/2016/01/27/us/politics/ted-cruz-donald-trump-republican-establishment.html,nyt,Campaign Finance,7.6,7.6
4989,"As N.H. Campaign Begins in Earnest, Cruz Takes Detour to S.C.",http://blogs.wsj.com/washwire/2016/02/02/as-n-h-campaign-begins-in-earnest-cruz-takes-detour-to-s-c/,wsj,Campaign Finance,9.1,8.0
4994,"Behind Ted Cruz’s Campaign Manager, Scorched Earth and Election Victories",http://www.nytimes.com/2016/02/24/us/politics/ted-cruz-campaign-manager-jeff-roe.html,nyt,Campaign Finance,5.2,6.4
4998,Billionaire Donors Boosted Ted Cruz's Rise In GOP Race,http://www.huffingtonpost.com/2016/01/24/ted-cruz-billionaire-donors_n_9064142.html,huffpo,Campaign Finance,8.7,8.8
4999,Billionaire donors help Cruz rise in GOP presidential bid,http://feeds.foxnews.com/~r/foxnews/world/~3/5EJWXKm7xho/billionaire-donors-help-cruz-rise-in-gop-presidential-bid.html,fox,Campaign Finance,10.3,9.2
5001,"Birther Issue Dogs Ted Cruz, Days From Iowa Caucuses",http://www.huffingtonpost.com/2016/01/29/ted-cruz-birther-iowa_n_9117670.html,huffpo,Immigration,8.7,8.8
5005,Breaking News: Cruz asks for national spokesman Rick Tyler's resignation,http://www.politico.com/story/2016/02/breaking-news-cruz-asks-for-national-spokesman-rick-tylers-resignation-219632,politico,Foreign Policy/National Security,9.9,12.4
5006,BREAKING NEWS:  Cruz fires communications chief over faked Bible-bashing Rubio video,http://www.foxnews.com/politics/2016/02/22/cruz-fires-top-campaign-spokesman-over-rubio-bible-video.html,fox,Foreign Policy/National Security,8.4,8.4
5012,"Bush bust as Cruz, Rubio, Clinton get million-dollar boosts",http://hosted2.ap.org/APDEFAULT/3d281c11a96b4ad082fe88aa0db04305/Article_2016-02-21-US--Campaign%202016-Money-Guide/id-362a2b2846bf41c99f98895b723a5fb6,ap,Campaign Finance,8.0,8.0
5014,"Bush: Rubio, Cruz are followers, not leaders on Syria",http://www.cnn.com/2016/01/24/politics/jeb-bush-marco-rubio-ted-cruz-syria/index.html,cnn,Foreign Policy/National Security,7.6,8.8
5015,California Rep. Tom McClintock endorses Ted Cruz,http://www.mcclatchydc.com/news/politics-government/election/article54848930.html,mcclatchy,Foreign Policy/National Security,8.0,6.8
5019,"Capital Journal Daybreak: Poll Points to Upside for Ted Cruz, Marco Rubio",http://blogs.wsj.com/washwire/2016/01/05/capital-journal-establishment-candidates-criticize-outsiders-obama-to-expand-background-checks-for-gun-purchases-poll-points-to-upside-for-ted-cruz-marco-rubio-in-gop-race/,wsj,Foreign Policy/National Security,11.5,10.4
5020,"Capital Journal Daybreak: Trump, Cruz Fight on GOP’s Right Flank, More",http://blogs.wsj.com/washwire/2016/01/19/capital-journal-trump-cruz-fight-on-gops-right-flank/,wsj,Foreign Policy/National Security,10.7,9.6
5032,Chris Christie signals support for Ted Cruz's immigration strategy,http://www.politico.com/story/2016/01/chris-christie-ted-cruz-immigration-217996,politico,Immigration,9.5,10.8
5034,Citizen Cruz,http://www.huffingtonpost.com/keith-gaddie/citizen-cruz_b_9005386.html,huffpo,Immigration,9.9,8.8
5039,"Clinton campaign ad targets Trump, Cruz on foreign policy",http://www.politico.com/story/2016/01/new-clinton-ad-217538,politico,Foreign Policy/National Security,7.9,10.4
5040,"Clinton, Cruz fight headwinds in final push through Iowa",http://www.politico.com/story/2016/01/iowa-caucuses-2016-homestretch-218427,politico,Campaign Finance,9.1,10.4
5044,CNN/WMUR Poll: Cruz climbs in NH,http://www.cnn.com/2016/01/20/politics/new-hampshire-poll-trump-leads-cruz-climbs/index.html,cnn,Foreign Policy/National Security,4.8,7.2
5045,Contributing Op-Ed Writer: Ads From Donald Trump and Ted Cruz Play to Racist Fears,http://www.nytimes.com/2016/01/12/opinion/campaign-stops/ads-from-donald-trump-and-ted-cruz-play-to-racist-fears.html,nyt,Immigration,8.4,8.4
5047,"Cornyn, officially neutral, doesn’t sound big on Cruz",http://www.mcclatchydc.com/news/nation-world/national/article58501493.html,mcclatchy,Immigration,7.9,9.2
5054,Cruz aims to put Trump on defensive over abortion,http://www.cnn.com/2016/02/16/politics/ted-cruz-donald-trump-abortion-south-carolina-videos/index.html,cnn,Abortion,12.3,11.2
5058,Cruz and Rubio collide over foreign policy,http://www.politico.com/story/2016/01/ted-cruz-marco-rubio-foreign-policy-217335,politico,Foreign Policy/National Security,10.7,13.2
5061,Cruz and Rubio release tax returns and demand Trump do the same,http://www.latimes.com/la-na-cruz-rubio-taxes-20160227-story.html,latimes,Campaign Finance,8.7,8.8
5063,Cruz and Rubio stake out space on Trump’s right,http://www.politico.com/blogs/2016-gop-primary-live-updates-and-results/2016/02/cruz-rubio-trump-2016-gop-debate-219822,politico,Immigration,6.4,10.0
5066,Cruz and Trump poised for the ugliest debate yet,http://www.politico.com/story/2016/02/donald-trump-ted-cruz-south-carolina-debate-219237,politico,Abortion,9.5,10.8
5068,Cruz and Trump take different paths to Iowa voters,http://www.latimes.com/la-na-trump-cruz-iowa-20160109-story.html,latimes,Immigration,8.4,8.4
5071,"Cruz attacks Sanders, Rubio in New Hampshire",http://www.cnn.com/2016/01/20/politics/ted-cruz-bernie-sanders-marco-rubio-new-hampshire/index.html,cnn,Foreign Policy/National Security,10.7,9.6
5072,Cruz: 'A vote for Marco Rubio is a vote for amnesty',http://feeds.foxnews.com/~r/foxnews/politics/~3/WOLTcbppcRg/cruz-vote-for-marco-rubio-is-vote-for-amnesty.html,fox,Immigration,10.3,8.0
5076,Cruz begins New Hampshire push amid Trump drama,http://www.cnn.com/2016/01/17/politics/ted-cruz-donald-trump-new-hampshire/index.html,cnn,Immigration,9.5,10.8
5079,Cruz calls on Trump to release NYT recordings,http://www.politico.com/blogs/2016-gop-primary-live-updates-and-results/2016/02/cruz-trump-new-york-times-recordings-219990,politico,Immigration,7.9,10.4
5087,Cruz camp mocks Rubio's 'high-heeled booties',http://www.politico.com/story/2016/01/ted-cruz-marco-rubio-boots-tweet-217388,politico,Campaign Finance,8.7,11.2
5088,Cruz challenges Trump to one-on-one debate,http://www.politico.com/story/2016/01/ted-cruz-donald-trump-218266,politico,Campaign Finance,9.9,11.2
5089,Cruz changes tune on rounding up undocumented immigrants,http://www.cnn.com/2016/02/23/politics/ted-cruz-illegal-immigrants-bill-oreilly/index.html,cnn,Immigration,9.1,9.2
5094,"Cruz, Clinton in best financial shape headed into voting",http://www.politico.com/story/2016/02/iowa-caucus-candidate-financial-analysis-218515,politico,Campaign Finance,9.1,10.4
5095,"Cruz, Clinton winning SC money fight",http://www.mcclatchydc.com/news/politics-government/election/article58566003.html,mcclatchy,Campaign Finance,8.0,8.0
5098,Cruz condemns 'fraudulent Facebook post' about Trey Gowdy,http://www.politico.com/blogs/south-carolina-primary-2016-live-updates-and-results/2016/02/ted-cruz-trey-gowdy-facebook-219348,politico,Financial Regulation,8.7,11.2
5101,Cruz dares Trump to sue him over abortion ad - Trump towers: GOP primary leader hits polling high - FOX NEWS FIRST: Cruz falls under Trump pummeling - Vatican hits Trump's criticism of pope's trip,http://www.foxnews.com/politics/2016/02/17/cruz-dares-trump-to-sue-him-over-abortion-ad-vows-to-run-it-more-frequently.html,fox,Abortion,9.5,9.6
5102,"Cruz dares Trump to sue him over abortion ad, vows to run it 'more frequently'",http://feeds.foxnews.com/~r/foxnews/most-popular/~3/so5MLPRJxmU/cruz-dares-trump-to-sue-him-over-abortion-ad-vows-to-run-it-more-frequently.html,fox,Abortion,9.5,9.6
5105,Cruz defends shift on immigration reform,http://www.politico.com/story/2016/01/ted-cruz-immigration-reform-217441,politico,Campaign Finance,7.6,10.0
5106,Cruz denies flip-flop on ethanol,http://www.politico.com/story/2016/01/ted-cruz-ethanol-217417,politico,Financial Regulation,11.1,12.4
5108,Cruz does little to tamp down Super Tuesday expectations,http://www.cnn.com/2016/02/24/politics/ted-cruz-super-tuesday-expectations/index.html,cnn,Campaign Finance,9.9,11.2
5111,Cruz doubles down on “NY values” -Gets a Bronx cheer,http://www.mcclatchydc.com/news/nation-world/national/article55071715.html,mcclatchy,Abortion,10.7,10.8
5115,Cruz embraces supporters on fringe of GOP,http://hosted2.ap.org/APDEFAULT/89ae8247abe8493fae24405546e9a1aa/Article_2016-02-07-US--GOP%202016-Cruz-Endorsements/id-27e092646d184c2f8befbf81fc3e5e5d,ap,Abortion,9.5,8.4
5119,Cruz failed to disclose Goldman loan during Senate run,http://feeds.foxnews.com/~r/foxnews/most-popular/~3/WsD1UYfsiQY/cruz-failed-to-disclose-goldman-loan-during-senate-run.html,fox,Campaign Finance,10.7,9.6
5124,Cruz fires top campaign spokesman over Rubio Bible video,http://feeds.foxnews.com/~r/foxnews/most-popular/~3/FInbX69H2W8/cruz-fires-top-campaign-spokesman-over-rubio-bible-video.html,fox,Foreign Policy/National Security,8.4,8.4
5131,Cruz hits back at McCain on birth eligibility,http://www.politico.com/story/2016/01/cruz-mccain-birth-presidency-217468,politico,Financial Regulation,7.6,10.0
5132,"Cruz hits Trump on immigration, eminent domain in New Hampshire",http://feeds.foxnews.com/~r/foxnews/most-popular/~3/R1sTnluBYv0/cruz-hits-trump-on-immigration-eminent-domain-in-new-hampshire.html,fox,Immigration,12.3,12.4
5133,Cruz: Home states are must-wins,http://www.politico.com/blogs/2016-gop-primary-live-updates-and-results/2016/03/ted-cruz-must-win-220043,politico,Campaign Finance,9.5,12.0
5134,"Cruz immigration ad has men in suits, women in heels crossing the border",http://www.mcclatchydc.com/news/nation-world/national/article53077095.html,mcclatchy,Immigration,9.1,9.2
5140,Cruz knocks Trump in Georgia appearance,http://www.mcclatchydc.com/news/politics-government/article62923177.html,mcclatchy,Foreign Policy/National Security,7.2,7.2
5141,Cruz Lays Into Rubio In Final Days Of Iowa,http://www.huffingtonpost.com/2016/01/29/cruz-rubio-iowa_n_9116724.html,huffpo,Foreign Policy/National Security,9.9,10.0
5148,Cruz looks to shore up support among Iowa evangelicals,http://hosted2.ap.org/apdefault/386c25518f464186bf7a2ac026580ce7/Article_2016-01-27-US--GOP%202016-Cruz-Iowa/id-58da936036ff44e19ba1f413bda4ddcd,ap,Abortion,9.5,9.6
5151,Cruz: Marco Rubio Is the Media’s ‘Chosen One’,http://blogs.wsj.com/washwire/2016/02/04/cruz-marco-rubio-is-the-medias-chosen-one/,wsj,Foreign Policy/National Security,6.4,7.6
5152,"Cruz may be first Hispanic president, but rejects the label",http://hosted2.ap.org/APDEFAULT/3d281c11a96b4ad082fe88aa0db04305/Article_2016-02-17-US--GOP%202016-Cruz-Hispanics/id-35aaf770d19d49d186d99c67f4819efb,ap,Immigration,9.5,9.6
5153,Cruz mega-donors’ path to ‘kingdom building’,http://www.politico.com/story/2016/01/ted-cruz-dan-wilks-criminal-charges-217724,politico,Campaign Finance,12.6,12.8
5162,"Cruz not standing for Rubio, Trump calling him a liar",http://hosted2.ap.org/apdefault/89ae8247abe8493fae24405546e9a1aa/Article_2016-02-15-US--GOP%202016-Cruz/id-0805872e388c4be9aecc31010f64ba68,ap,Abortion,11.1,10.0
5165,Cruz official apologizes over Rubio video alleging Bible diss,http://feeds.foxnews.com/~r/foxnews/most-popular/~3/7qxjgE3V5wE/cruz-official-apologizes-over-rubio-video-alleging-bible-diss.html,fox,Foreign Policy/National Security,8.0,8.0
5167,Cruz on 'New York values': Sorry not sorry,http://www.politico.com/story/2016/01/ted-cruz-new-york-values-apology-217871,politico,Abortion,8.3,10.8
5170,"Cruz PAC, Rubio campaigns fight over fantasy football",http://www.cnn.com/2016/01/04/politics/ted-cruz-marco-rubio-fantasy-football-fight/index.html,cnn,Foreign Policy/National Security,9.5,9.6
5178,Cruz pushes back on report of undisclosed Goldman Sachs loan,http://www.politico.com/story/2016/01/cruz-campaign-goldman-sachs-loan-push-back-217743,politico,Campaign Finance,7.9,10.4
5182,Cruz reveals he doesn't have health insurance,http://www.politico.com/story/2016/01/ted-cruz-no-health-insurance-218070,politico,Health Care,9.9,12.4
5184,Cruz rides tough conservative talk to victory,http://www.mcclatchydc.com/news/politics-government/election/article57861523.html,mcclatchy,Immigration,8.4,8.4
5188,Cruz-Rubio battle over undecided Iowans intensifies,http://hosted2.ap.org/APDEFAULT/3d281c11a96b4ad082fe88aa0db04305/Article_2016-01-06-US--GOP%202016-Undecided%20Voters/id-5f6b6d0a6b3a461bb3bf39e8ea0a6ef0,ap,Immigration,9.5,9.6
5192,Cruz-Rubio feud heats up in South Carolina,http://www.cnn.com/2016/02/15/politics/ted-cruz-marco-rubio-feud-liar-south-carolina/index.html,cnn,Abortion,8.3,9.6
5196,"Cruz, Rubio release tax filings to 'pressure' Trump and other candidates",http://feeds.foxnews.com/~r/foxnews/most-popular/~3/TAmRQkJs2_8/cruz-rubio-release-tax-filings-to-pressure-trump-and-other-candidates.html,fox,Abortion,11.9,12.0
5200,"Cruz, Rubio tangle over military might at GOP debate",http://feeds.foxnews.com/~r/foxnews/most-popular/~3/0zZQUYlY2ek/republican-candidates-face-off-at-final-debate-before-iowa-without-trump.html,fox,Foreign Policy/National Security,8.0,8.0
5201,"Cruz, Rubio tensions flare at Trump-less GOP debate",http://feeds.foxnews.com/~r/foxnews/most-popular/~3/Y4rSR6dvClw/cruz-rubio-tensions-flare-at-trump-less-gop-debate.html,fox,Immigration,9.1,9.2
5202,Cruz rules out 'deportation force' to boot undocumented immigrants,http://www.cnn.com/2016/01/10/politics/ted-cruz-immigration-deportation-guns-terrorism/index.html,cnn,Immigration,10.7,9.6
5203,Cruz runs into trouble over ethanol – the 3rd rail of Iowa,http://www.mcclatchydc.com/news/politics-government/election/article55452985.html,mcclatchy,Foreign Policy/National Security,9.9,8.8
5204,Cruz's 2016 strategy focuses on turning out white voters,http://hosted2.ap.org/APDEFAULT/386c25518f464186bf7a2ac026580ce7/Article_2016-02-05-US--GOP%202016-Cruz-White%20Turnout/id-b92587c622404c15b18976ec822c1a91,ap,Immigration,11.5,10.4
5206,Cruz says he welcomes 'establishment' backing Trump,http://hosted2.ap.org/APDEFAULT/89ae8247abe8493fae24405546e9a1aa/Article_2016-01-20-US-GOP-2016-Cruz/id-68b80c3862db47d4967878a50c42a107,ap,Foreign Policy/National Security,7.6,7.6
5211,"Cruz says would deport illegal immigrants, sharpens immigration stance",http://feeds.reuters.com/~r/Reuters/PoliticsNews/~3/Nrss9tuwnXU/story01.htm,reuters,Immigration,8.8,7.6
5212,Cruz's Bad-Faith Blast at Rubio,http://www.wsj.com/articles/cruzs-bad-faith-blast-at-rubio-1455751257,wsj,Abortion,11.1,8.8
5216,Cruz seeks dismissal of case challenging U.S. presidential eligibility,http://feeds.reuters.com/~r/Reuters/PoliticsNews/~3/g4lm4hlUcDQ/story01.htm,reuters,Abortion,10.3,9.2
5218,Cruz seizes on eminent domain for contrast with Trump in New Hampshire,http://www.cnn.com/2016/01/22/politics/cruz-eminent-domain-trump/index.html,cnn,Foreign Policy/National Security,12.6,12.8
5222,Cruz's Immigration Misfire,http://www.wsj.com/articles/cruzs-immigration-misfire-1456335513,wsj,Immigration,7.2,8.4
5223,Cruz skewers Trump’s sister in Supreme Court debate,http://www.politico.com/blogs/south-carolina-primary-2016-live-updates-and-results/2016/02/cruz-skewers-trumps-sister-in-supreme-court-debate-219303,politico,Abortion,8.3,9.6
5224,Cruz slams Iran prisoner swap,http://www.politico.com/story/2016/01/ted-cruz-iran-prisoners-217897,politico,Foreign Policy/National Security,7.9,9.2
5232,Cruz's TV ads judged most effective,http://www.politico.com/story/2016/01/ted-cruz-tv-ads-218436,politico,Campaign Finance,8.7,10.0
5234,Cruz super PAC pushes attack on Rubio's national security cred,http://www.politico.com/story/2016/01/ted-cruz-marco-rubio-national-security-218036,politico,Immigration,8.3,10.8
5235,Cruz super PAC scoops up $1 million donation from megadonor Uihlein,http://www.politico.com/story/2016/01/dick-uihlein-ted-cruz-217462,politico,Campaign Finance,8.7,11.2
5236,"Cruz, 'super' PACs pummeled Trump on Iowa airwaves with ads",http://hosted2.ap.org/APDEFAULT/89ae8247abe8493fae24405546e9a1aa/Article_2016-02-08-US--GOP%202016-Television%20Ads/id-701e01eb7b954954a0c3255599ef0d7f,ap,Campaign Finance,8.4,8.4
5237,Cruz super PACs spent $9.2 million in second half of last year,http://www.politico.com/story/2016/02/ted-cruz-super-pac-218511,politico,Campaign Finance,5.6,8.0
5250,Cruz to tea party supporters: Don't get 'burned' by fake conservatives,http://www.cnn.com/2016/01/16/politics/ted-cruz-tea-party-rally-donald-trump-marco-rubio/index.html,cnn,Immigration,12.3,12.4
5251,Cruz to Trump: So sue me already,http://www.cnn.com/2016/02/17/politics/ted-cruz-donald-trump-marco-rubio-south-carolina/index.html,cnn,Abortion,9.1,9.2
5254,Cruz trounces Rubio in donors from early-voting states,http://www.politico.com/story/2016/02/ted-cruz-donors-early-voting-states-218627,politico,Campaign Finance,7.6,10.0
5263,Cruz-Trump-Rubio attack each other in sprint to Iowa finish,http://www.mcclatchydc.com/news/nation-world/national/article57640773.html,mcclatchy,Immigration,8.7,8.8
5264,Cruz: Trump should ask New York Times to release 'secret tape',http://www.cnn.com/2016/02/29/politics/ted-cruz-new-york-times-immigration-tape/index.html,cnn,Immigration,9.1,9.2
5268,Cruz tweet implies Trump has jumped the shark,http://www.politico.com/story/2016/01/donald-trump-ted-cruz-jump-shark-217390,politico,Campaign Finance,8.7,11.2
5269,"Cruz, two super PACs hit Trump on abortion, 'New York values'",http://www.cnn.com/2016/01/25/politics/cruz-trump-abortion-new-york-values/index.html,cnn,Campaign Finance,10.3,11.6
5272,Cruz vs. Cruz on Pentagon spending,http://www.politico.com/story/2016/02/ted-cruz-pentagon-spending-219461,politico,Foreign Policy/National Security,9.5,10.8
5274,"Cruz: 'Washington establishment' backs Trump, has abandoned Rubio",http://www.politico.com/story/2016/01/ted-cruz-establishment-trump-rubio-218047,politico,Abortion,7.2,9.6
5282,Cuomo: New Yorkers Not ‘Judgmental’ Like Cruz,http://blogs.wsj.com/washwire/2016/01/15/cuomo-new-yorkers-not-judgmental-like-cruz/,wsj,Abortion,6.0,7.2
5285,"Debate another chance for Rubio, Cruz to try to slow Trump",http://hosted2.ap.org/APDEFAULT/3d281c11a96b4ad082fe88aa0db04305/Article_2016-02-25-US--GOP%202016-Debate/id-0feb6be18da64190aec4681ff5d71029,ap,Health Care,11.1,10.0
5286,Debate brawl: Rubio and Cruz go hard after Trump,http://hosted2.ap.org/APDEFAULT/3d281c11a96b4ad082fe88aa0db04305/Article_2016-02-25-US--GOP%202016-Debate/id-9f355c14ae49474dbdde9f409b1a938a,ap,Immigration,9.1,9.2
5287,"DEBATE OPINION It's a Trump, Cruz race and 4 other things we learned",http://www.foxnews.com/opinion/2016/01/15/its-down-to-trump-vs-cruz-plus-four-more-things-learned-at-2016s-first-gop-debate.html,fox,Campaign Finance,7.6,7.6
5294,"Desperate moment makes willing men of Rubio, Cruz",http://feeds.foxnews.com/~r/foxnews/politics/~3/XDo8gW-G5a4/desperate-moment-makes-willing-men-rubio-cruz.html,fox,Abortion,9.1,9.2
5300,Donald Trump Accuses Ted Cruz of Stealing Iowa,http://blogs.wsj.com/washwire/2016/02/03/donald-trump-accuses-ted-cruz-of-stealing-iowa/,wsj,Abortion,6.4,7.6
5302,Donald Trump and Ted Cruz attack in dueling TV ads to win over Iowa conservatives,http://www.latimes.com/la-na-trump-cruz-iowa-20160123-story.html,latimes,Immigration,9.5,9.6
5310,Donald Trump Derides Ted Cruz as ‘Nasty Guy’ Who ‘Tells Lies’,http://blogs.wsj.com/washwire/2016/01/25/donald-trump-derides-ted-cruz-as-nasty-guy-who-tells-lies/,wsj,Campaign Finance,6.4,7.6
5313,Donald Trump holds 14-point lead over Ted Cruz in latest Fox News poll,http://www.cnn.com/2016/01/22/politics/donald-trump-ted-cruz-fox-news-poll/index.html,cnn,Foreign Policy/National Security,8.4,8.4
5315,Donald Trump Is Forcing Ted Cruz to Rewrite His Playbook,http://www.nytimes.com/2016/01/21/us/politics/donald-trump-is-forcing-ted-cruz-to-rewrite-his-playbook.html,nyt,Campaign Finance,5.2,6.4
5319,"Donald Trump Runs First Negative TV Ad, Tarring Cruz as ‘Pro Amnesty’",http://blogs.wsj.com/washwire/2016/01/22/donald-trump-runs-first-negative-tv-ad-tarring-cruz-as-pro-amnesty/,wsj,Immigration,8.4,7.2
5320,Donald Trump Says He Doesn't Care About Suing Ted Cruz Anymore,http://www.buzzfeed.com/christophermassie/trump-doesnt-care-about-suing-ted-cruz-anymore,buzzfeed,Abortion,9.9,10.0
5324,Donald Trump Takes His Campaign Against Ted Cruz To A New Low,http://www.huffingtonpost.com/2016/01/29/donald-trump-ted-cruz-anchor-baby_n_9115928.html,huffpo,Immigration,7.6,7.6
5326,Donald Trump: 'Ted Cruz gave us Obamacare',http://www.cnn.com/2016/02/03/politics/donald-trump-ted-cruz-obamacare/index.html,cnn,Health Care,11.5,10.4
5331,"DOUBLING DOWN: Trump threatens to file suit against Cruz, demands RNC intervene on two fronts",http://www.foxnews.com/politics/2016/02/15/trump-unleashes-on-cruz-threatens-eligibility-lawsuit-over-alleged-lies.html,fox,Abortion,9.5,9.6
5337,Endorsement face-off: Team Donald Trump vs. Team Ted Cruz,http://www.cnn.com/2016/01/27/politics/donald-trump-ted-cruz-2016-election/index.html,cnn,Immigration,9.1,9.2
5340,Ethanol Backers Mobilize Against Cruz in Iowa,http://www.wsj.com/articles/ethanol-backers-mobilize-against-ted-cruz-in-iowa-republican-race-1452127023,wsj,Foreign Policy/National Security,9.1,9.2
5341,Exclusive: Super PACs backing Republican Cruz buy $2.4 million in ads in eight states,http://feeds.reuters.com/~r/Reuters/PoliticsNews/~3/HK0glNaIeEM/story01.htm,reuters,Campaign Finance,11.1,8.8
5345,"Fight night: Rubio, Cruz gang up on Trump in debate ploy",http://feeds.reuters.com/~r/reuters/MostRead/~3/fFw25DvhCnc/story01.htm,reuters,Immigration,10.3,10.4
5348,"Fireworks erupt between Trump and Bush, Rubio and Cruz at GOP debate",http://feeds.foxnews.com/~r/foxnews/most-popular/~3/Q0fCNp2Babg/fireworks-erupt-between-trump-and-bush-rubio-and-cruz-at-gop-debate.html,fox,Foreign Policy/National Security,8.7,8.8
5349,First Draft: Attack Ad From Ted Cruz Signals Marco Rubio’s Gains in Iowa,http://www.nytimes.com/politics/first-draft/2016/01/28/attack-ad-from-ted-cruz-signals-marco-rubios-gains-in-iowa/,nyt,Immigration,7.2,7.2
5351,"First Draft: By Phone, James Dobson Tells South Carolinians Ted Cruz Is Only Alternative to Donald Trump",http://www.nytimes.com/politics/first-draft/2016/02/15/by-phone-james-dobson-tells-south-carolinians-ted-cruz-is-only-alternative-to-donald-trump/,nyt,Abortion,8.0,8.0
5352,First Draft: Charles Koch Knocks Positions of Donald Trump and Ted Cruz,http://www.nytimes.com/politics/first-draft/2016/01/08/charles-koch-knocks-positions-of-donald-trump-and-ted-cruz/,nyt,Campaign Finance,6.4,7.6
5364,First Draft: Donald Trump’s Campaign Releases Negative Ad on Ted Cruz,http://www.nytimes.com/politics/first-draft/2016/01/22/donald-trumps-campaign-releases-negative-ad-on-ted-cruz/,nyt,Immigration,6.8,8.0
5367,First Draft: Group Backing Ted Cruz Labels Donald Trump as a Liberal,http://www.nytimes.com/politics/first-draft/2016/01/25/group-backing-ted-cruz-labels-donald-trump-as-a-liberal/,nyt,Campaign Finance,4.4,6.8
5368,"First Draft: Group Backing Ted Cruz Makes $573,000 Ad Buy in Nevada",http://www.nytimes.com/politics/first-draft/2016/02/15/group-backing-ted-cruz-makes-573000-ad-buy-in-nevada/,nyt,Campaign Finance,9.1,9.2
5369,First Draft: Hillary Clinton Criticizes Bernie Sanders and Ted Cruz on Healthcare,http://www.nytimes.com/politics/first-draft/2016/01/30/hillary-clinton-criticizes-bernie-sanders-and-ted-cruz-on-healthcare/,nyt,Health Care,6.4,7.6
5370,"First Draft: In Support of Ted Cruz, Glenn Beck Slams Donald Trump",http://www.nytimes.com/politics/first-draft/2016/01/23/in-support-of-ted-cruz-glenn-beck-slams-donald-trump/,nyt,Immigration,5.6,6.8
5371,First Draft: Iowa Poll Finds Ted Cruz and Donald Trump in Tight Race,http://www.nytimes.com/politics/first-draft/2016/01/11/iowa-poll-finds-ted-cruz-and-donald-trump-in-tight-race/,nyt,Foreign Policy/National Security,8.4,8.4
5373,"First Draft: Marco Rubio and Ted Cruz Clash, Yet Find Common Ground",http://www.nytimes.com/politics/first-draft/2016/02/17/marco-rubio-and-ted-cruz-clash-yet-find-common-ground/,nyt,Foreign Policy/National Security,7.2,8.4
5375,"First Draft: Marco Rubio Steps Up Attacks On Ted Cruz, Calling Him a Flip-Flopper",http://www.nytimes.com/politics/first-draft/2016/01/21/marco-rubio-steps-up-attacks-on-ted-cruz-calling-him-a-flip-flopper/,nyt,Immigration,6.0,7.2
5377,First Draft: No Love Lost Between Ted Cruz and Donald Trump Supporters,http://www.nytimes.com/politics/first-draft/2016/02/19/no-love-lost-between-ted-cruz-and-donald-trump-supporters/,nyt,Abortion,6.0,7.2
5379,First Draft: Porn Star From a Pulled Ted Cruz Ad Is the Chatter at Bob Jones University,http://www.nytimes.com/politics/first-draft/2016/02/12/porn-star-from-a-pulled-ted-cruz-ad-is-the-chatter-at-bob-jones-university/,nyt,Immigration,7.6,7.6
5381,"First Draft: Sarah Palin’s Daughter Slams Ted Cruz, Fans Trump Endorsement Speculation",http://www.nytimes.com/politics/first-draft/2016/01/19/sarah-palins-daughter-slams-ted-cruz-fans-trump-endorsement-speculation/,nyt,Abortion,6.8,8.0
5384,First Draft: Ted Cruz Attacks Donald Trump Over Planned Parenthood in New Ad,http://www.nytimes.com/politics/first-draft/2016/02/14/ted-cruz-attacks-donald-trump-over-planned-parenthood-in-new-ad/,nyt,Abortion,5.2,6.4
5388,First Draft: Ted Cruz Fights Back With Barbs About Donald Trump’s Loans,http://www.nytimes.com/politics/first-draft/2016/02/03/ted-cruz-fights-back-with-barbs-about-donald-trumps-loans/,nyt,Immigration,4.0,6.4
5392,First Draft: Ted Cruz Mines Donald Trump’s Twitter Feed for Policy Shifts,http://www.nytimes.com/politics/first-draft/2016/01/21/ted-cruz-mines-donald-trumps-twitter-feed-for-policy-shifts/,nyt,Immigration,6.4,7.6
5393,First Draft: Ted Cruz on Feud With Donald Trump: He Started It,http://www.nytimes.com/politics/first-draft/2016/01/25/ted-cruz-on-feud-with-donald-trump-he-started-it/,nyt,Abortion,4.4,5.6
5394,"First Draft: Ted Cruz, on New Hampshire Bus Tour, Makes a Brief Effort in Spanish",http://www.nytimes.com/politics/first-draft/2016/01/19/ted-cruz-on-new-hampshire-bus-tour-makes-a-brief-stop-in-spanish/,nyt,Foreign Policy/National Security,4.0,6.4
5395,First Draft: Ted Cruz Outlines Plan to Strengthen Military,http://www.nytimes.com/politics/first-draft/2016/02/16/ted-cruz-outlines-plan-to-strengthen-military/,nyt,Foreign Policy/National Security,9.1,9.2
5396,First Draft: Ted Cruz Rebuffs Donald Trump Ad Lawsuit Threat,http://www.nytimes.com/politics/first-draft/2016/02/17/ted-cruz-rebuffs-donald-trump-ad-lawsuit-threat/,nyt,Abortion,5.6,6.8
5398,First Draft: Ted Cruz Says Donald Trump Has Been Deceiving Voters on Immigration,http://www.nytimes.com/politics/first-draft/2016/02/29/ted-cruz-say-donald-trump-has-been-deceiving-voters-on-immigration/,nyt,Immigration,6.0,7.2
5402,First Draft: Ted Cruz’s Iowa Bus Tour: Ethanol Subsidies and Shark Jumping,http://www.nytimes.com/politics/first-draft/2016/01/05/ted-cruzs-iowa-bus-tour-ethanol-subsidies-and-shark-jumping/,nyt,Immigration,6.8,6.8
5403,First Draft: Ted Cruz’s Iowa Bus Tour: Making a Favorite Joke in Boone,http://www.nytimes.com/politics/first-draft/2016/01/04/ted-cruzs-iowa-bus-tour-a-favorite-joke-in-boone/,nyt,Campaign Finance,7.6,8.8
5404,First Draft: Ted Cruz’s Iowa Bus Tour: The Tattooed Hunk Had a Familiar Face,http://www.nytimes.com/politics/first-draft/2016/01/09/ted-cruzs-iowa-bus-tour-the-tattooed-hunk-had-a-familiar-face/,nyt,Immigration,6.0,7.2
5405,First Draft: Ted Cruz’s Iowa Bus Tour: You Going to Eat Those Fries?,http://www.nytimes.com/politics/first-draft/2016/01/08/ted-cruzs-iowa-bus-tour-you-going-to-eat-those-fries/,nyt,Immigration,7.2,8.4
5406,"First Draft: Ted Cruz’s Negative Ads Go After Marco Rubio, Rather Than Donald Trump",http://www.nytimes.com/politics/first-draft/2016/01/29/ted-cruzs-negative-ads-go-after-marco-rubio-rather-than-donald-trump/,nyt,Immigration,5.6,6.8
5407,First Draft: Ted Cruz Suggests Donald Trump Is Taking Cues From Democrats,http://www.nytimes.com/politics/first-draft/2016/01/12/ted-cruz-suggests-donald-trump-is-taking-cues-from-democrats/,nyt,Foreign Policy/National Security,5.2,6.4
5408,First Draft: Ted Cruz ‘Super PAC’ Invests Additional $2.5 Million in Advertising,http://www.nytimes.com/politics/first-draft/2016/01/19/ted-cruz-super-pac-invests-additional-2-5-million-in-advertising/,nyt,Campaign Finance,6.0,7.2
5409,First Draft: Ted Cruz Takes a More Aggressive Stance on Illegal Immigration,http://www.nytimes.com/politics/first-draft/2016/02/23/ted-cruz-takes-a-more-aggressive-stance-on-illegal-immigration/,nyt,Immigration,7.2,7.2
5410,First Draft: Ted Cruz to Begin 6-Day Bus Tour to Help Him Secure Lead in Iowa,http://www.nytimes.com/politics/first-draft/2016/01/04/ted-cruz-to-begin-6-day-bus-tour-to-help-him-hold-onto-lead-in-iowa/,nyt,Immigration,5.2,6.4
5411,"First Draft: Unmuzzling Himself, Ted Cruz Tells Voters to ‘Doubt the Credibility’ of Donald Trump",http://www.nytimes.com/politics/first-draft/2016/01/18/unmuzzling-himself-ted-cruz-tells-voters-to-doubt-the-credibility-of-donald-trump/,nyt,Immigration,5.2,6.4
5414,First on CNN: Cruz ad paints Trump as unprincipled,http://www.cnn.com/2016/02/15/politics/ted-cruz-donald-trump-change-south-carolina-ad/index.html,cnn,Abortion,11.9,12.0
5415,"First on CNN: In TV spot, Cruz calls Rubio 'the Republican Obama'",http://www.cnn.com/2016/01/29/politics/ted-cruz-marco-rubio-republican-obama/index.html,cnn,Immigration,13.8,12.8
5416,First on CNN: Super PAC making phone calls for Cruz to close,http://www.cnn.com/2016/01/13/politics/ted-cruz-super-pac-shuts-down/index.html,cnn,Campaign Finance,9.5,10.8
5417,First on CNN: Texas Gov. Greg Abbott to endorse Cruz for president,http://www.cnn.com/2016/02/24/politics/ted-cruz-greg-abbott-texas-endorsement/index.html,cnn,Campaign Finance,10.3,10.4
5419,"For Cruz, it's still all about Rubio — and cash",http://www.cnn.com/2016/02/11/politics/ted-cruz-marco-rubio-2016/index.html,cnn,Campaign Finance,10.7,10.8
5430,"FOX NEWS/GOOGLE GOP DEBATE Cruz, Rubio trade heated accusations over immigration and voting records",http://www.foxnews.com/politics/2016/01/28/cruz-rubio-tensions-flare-at-trump-less-gop-debate.html,fox,Immigration,9.1,9.2
5432,FOX NEWS POLL: Cruz holds 4 point edge over Trump in GOP Iowa race,http://www.foxnews.com/politics/2016/01/08/fox-news-poll-cruz-trump-remain-top-gop-picks-in-iowa.html,fox,Foreign Policy/National Security,6.4,8.8
5433,"Fox News Poll: Cruz, Trump remain top GOP picks in Iowa",http://feeds.foxnews.com/~r/foxnews/most-popular/~3/wZSxyt5Rq-o/fox-news-poll-cruz-trump-remain-top-gop-picks-in-iowa.html,fox,Foreign Policy/National Security,6.4,8.8
5442,"FRONTRUNNER NEXT?  Cruz, Rubio release tax returns, pressure on Trump",http://www.foxnews.com/politics/2016/02/28/cruz-rubio-release-tax-filings-to-pressure-trump-and-other-candidates.html,fox,Abortion,11.9,12.0
5448,Glenn Beck to campaign with Cruz,http://www.mcclatchydc.com/news/nation-world/national/article55872855.html,mcclatchy,Abortion,7.2,8.4
5449,"GLOVES COME OFF Cruz slams Trump over amnesty, conservative cred",http://www.foxnews.com/politics/2016/01/19/cruz-hits-trump-on-immigration-eminent-domain-in-new-hampshire.html,fox,Immigration,12.3,12.4
5454,"GOP Debate: Rubio, Cruz pile on Trump at fiery GOP debate",http://feeds.foxnews.com/~r/foxnews/most-popular/~3/jG9rXDh1yHQ/gop-rivals-square-off-over-trump-deportation-plan-at-debate.html,fox,Immigration,8.7,8.8
5455,GOP Debate Takeaways: The Trump and Cruz dynamic dominates,http://feeds.foxnews.com/~r/foxnews/national/~3/3HowpeE-zJI/gop-debate-takeaways-trump-and-cruz-dynamic-dominates.html,fox,Foreign Policy/National Security,9.1,9.2
5464,"Graham: Choice between Trump, Cruz like 'being shot or poisoned'",http://www.politico.com/story/2016/01/lindsey-graham-trump-cruz-choice-218069,politico,Campaign Finance,9.5,12.0
5465,Graham: Cruz worse than Obama,http://www.cnn.com/2016/02/04/politics/lindsey-graham-barack-obama-ted-cruz-foreign-policy/index.html,cnn,Foreign Policy/National Security,10.3,10.4
5466,Graham on choosing between Trump and Cruz: 'It's like being shot or poisoned',http://www.cnn.com/2016/01/21/politics/lindsey-graham-donald-trump-ted-cruz-poison-or-shot/index.html,cnn,Foreign Policy/National Security,7.6,7.6
5473,"Heidi Cruz is her husband's not-so-secret weapon, but could she hurt his campaign?",http://www.latimes.com/la-na-heidi-cruz-20160131-story.html,latimes,Campaign Finance,10.7,9.6
5476,"HIGH STAKES: Rubio, Cruz pile on  Trump at fiery Republican debate",http://www.foxnews.com/politics/2016/02/25/gop-debate-rubio-cruz-pile-on-trump-at-fiery-gop-debate.html,fox,Immigration,8.7,8.8
5477,"HIGH STAKES  Rubio, Cruz tag-team Trump at fiery GOP debate",http://www.foxnews.com/politics/2016/02/26/rubio-cruz-tag-team-trump-at-fiery-gop-debate.html,fox,Immigration,8.7,8.8
5478,"HIGH STAKES: Rubio, Cruz tag-team Trump at fiery Republican debate",http://www.foxnews.com/politics/2016/02/25/rubio-cruz-tag-team-trump-at-fiery-gop-debate.html,fox,Immigration,8.4,8.4
5479,Hillary Clinton and Ted Cruz are making the Supreme Court a campaign issue,http://www.latimes.com/la-ol-supremecourt-clinton-cruz-20160111-story.html,latimes,Abortion,11.9,10.8
5480,Holy war: Ted Cruz battles Donald Trump for Christian conservatives,http://www.mcclatchydc.com/news/politics-government/election/article60879877.html,mcclatchy,Abortion,9.1,9.2
5483,How Cruz blew the Iowa expectations game,http://www.politico.com/story/2016/01/ted-cruz-iowa-expectations-loser-218466,politico,Campaign Finance,7.2,9.6
5484,How Cruz did it,http://www.politico.com/story/2016/02/ted-cruz-iowa-caucuses-218591,politico,Foreign Policy/National Security,10.7,10.8
5489,Huckabee Defends Trump’s Abortion Flip-Flop While Attacking Cruz As Insincere,http://www.buzzfeed.com/andrewkaczynski/huckabee-refuses-to-attack-trump-defends-his-fli,buzzfeed,Abortion,17.4,12.8
5492,Idaho’s Labrador backs Cruz in GOP presidential race,http://www.mcclatchydc.com/news/politics-government/election/article60917872.html,mcclatchy,Foreign Policy/National Security,9.9,7.6
5497,"Increasingly, Iowans Say Their Caucuses Are Ted Cruz’s to Lose",http://www.nytimes.com/2016/01/07/us/politics/increasingly-iowans-say-their-caucuses-are-ted-cruzs-to-lose.html,nyt,Campaign Finance,6.4,7.6
5503,"In Reversal, Campaign Says Ted Cruz Does Have Health Insurance",http://blogs.wsj.com/washwire/2016/01/22/in-twist-campaign-says-ted-cruz-has-health-insurance-no-coverage-gap/,wsj,Health Care,8.7,8.8
5506,"In Supreme Court Vacancy, Ted Cruz Senses an Opening",http://www.nytimes.com/2016/02/16/us/politics/in-supreme-court-vacancy-ted-cruz-senses-an-opening.html,nyt,Abortion,7.2,7.2
5510,IOWA ANALYSIS  Trump fever breaks as  Cruz out-organizes Donald,http://www.foxnews.com/opinion/2016/02/02/trump-fever-has-broken-cruz-out-organized-him-heres-whats-next.html,fox,Foreign Policy/National Security,8.4,8.4
5512,"Iowa Evangelicals Still Like Mike Huckabee, but See Ted Cruz as Better Bet",http://blogs.wsj.com/washwire/2016/01/28/iowa-evangelicals-still-like-mike-huckabee-but-see-ted-cruz-as-better-bet/,wsj,Campaign Finance,8.0,8.0
5523,Iowa poll: Ted Cruz has slim lead over Donald Trump,http://www.cnn.com/2016/01/13/politics/iowa-poll-bloomberg-des-moines-register-donald-trump-ted-cruz/index.html,cnn,Foreign Policy/National Security,9.1,10.4
5527,Iowa poll: Trump regains lost ground against Cruz,http://www.politico.com/story/2016/01/poll-iowa-gop-trump-ted-cruz-217700,politico,Foreign Policy/National Security,6.8,9.2
5536,It's down to Trump vs. Cruz plus four more things we learned at 2016's first GOP debate,http://feeds.foxnews.com/~r/foxnews/most-popular/~3/MZuSCSuf99E/its-down-to-trump-vs-cruz-plus-four-more-things-learned-at-2016s-first-gop-debate.html,fox,Campaign Finance,7.6,7.6
5537,It's Still Trump Vs. Cruz: Do We Laugh or Cry?,http://www.huffingtonpost.com/charles-j-reid-jr/its-still-trump-vs-cruz-d_b_9233972.html,huffpo,Foreign Policy/National Security,9.1,8.0
5538,"'I WAS BORN HERE'   Trump, Cruz clash over eligibility, &lsquo;New York values&rsquo; at GOP debate",http://www.foxnews.com/politics/2016/01/14/trump-cruz-clash-over-eligibility-new-york-values-at-gop-debate.html,fox,Immigration,8.4,8.4
5541,Krauthammer: Cruz 'highlighted the issue' on Rubio video,http://feeds.foxnews.com/~r/foxnews/most-popular/~3/j-3wfbmBEBk/krauthammer-cruz-highlighted-issue-on-rubio-video.html,fox,Foreign Policy/National Security,14.6,13.6
5545,"Lewandowski: Rubio Was A Boy, Cruz Lived In Canada When Trump Hired Polish Workers",http://www.buzzfeed.com/andrewkaczynski/lewandowski-rubio-was-a-boy-cruz-lived-in-canada-when-trump,buzzfeed,Immigration,13.8,12.8
5557,Marco Rubio: Ted Cruz 'willing to say or doing anything to get elected',http://www.cnn.com/2016/02/17/politics/marco-rubio-ted-cruz-disturbing-dishonesty-fight/index.html,cnn,Immigration,10.3,10.4
5558,Marco Rubio Tries To Siphon Off Ted Cruz’s Evangelical Support In Iowa,http://www.huffingtonpost.com/2016/01/18/marco-rubio-ted-cruz-evangelicals-iowa_n_9009986.html,huffpo,Abortion,8.4,8.4
5573,"Muddled Night in Iowa: No Trump, no winners, Cruz and Rubio on defense",http://feeds.foxnews.com/~r/foxnews/most-popular/~3/_3E0dVDv27c/muddled-night-in-iowa-no-trump-no-winners-cruz-and-rubio-on-defense.html,fox,Immigration,7.9,9.2
5574,"Muddled Night in Iowa: No Trump, No Winners, Cruz and Rubio on Defense",http://feeds.foxnews.com/~r/foxnews/politics/~3/_3E0dVDv27c/muddled-night-in-iowa-no-trump-no-winners-cruz-and-rubio-on-defense.html,fox,Immigration,7.9,9.2
5583,New group attacks Ted Cruz as a false prophet,http://www.politico.com/story/2016/01/ted-cruz-iowa-americans-united-for-values-ads-218045,politico,Abortion,7.2,9.6
5584,New Hampshire to test broader appeal of Cruz's Southern conservatism,http://feeds.reuters.com/~r/Reuters/PoliticsNews/~3/12WKt4q-yCI/story01.htm,reuters,Foreign Policy/National Security,9.9,10.0
5590,New Yorkers blast Cruz's comments on 'New York values',http://hosted2.ap.org/APDEFAULT/386c25518f464186bf7a2ac026580ce7/Article_2016-01-15-US--Cruz-New%20York%20Values/id-1d883b4be3d04a2898b9dafad2200b02,ap,Campaign Finance,8.4,8.4
5593,"North Korea vote draws Cruz, Rubio back to Senate",http://www.politico.com/story/2016/02/north-korea-cruz-rubio-senate-219100,politico,Foreign Policy/National Security,8.7,10.0
5596,Obama Birther Joe Arpaio To Endorse Obama-Turned-Ted Cruz Birther Donald Trump,http://www.huffingtonpost.com/2016/01/26/joe-arpaio-donald-trump-birther_n_9081356.html,huffpo,Immigration,10.7,8.4
5599,"On torture, Cruz stands alone",http://www.politico.com/story/2016/01/ted-cruz-republicans-torture-217976,politico,Foreign Policy/National Security,9.5,9.6
5602,Op-Ed Columnist: Ted Cruz Won’t Be Denied,http://www.nytimes.com/2016/02/07/opinion/sunday/ted-cruz-wont-be-denied.html,nyt,Campaign Finance,10.3,10.4
5604,Op-Ed Columnist: The Plausibility of Ted Cruz,http://www.nytimes.com/2016/02/04/opinion/campaign-stops/the-plausibility-of-ted-cruz.html,nyt,Foreign Policy/National Security,9.9,10.0
5607,Op-Ed Contributor: Ted Cruz and Marco Rubio Made History. Didn’t You Hear?,http://www.nytimes.com/2016/02/04/opinion/campaign-stops/ted-cruz-and-marco-rubio-made-history-didnt-you-hear.html,nyt,Immigration,10.3,9.2
5613,Pelosi won't say if she believes Cruz is eligible for president,http://www.politico.com/story/2016/01/nancy-pelosi-ted-cruz-eligibility-217449,politico,Financial Regulation,9.5,12.0
5621,"POLITICO Playbook, presented by Ford Motor Company – RISING GOP ALARM about Trump durability, Cruz strength – ALEX CASTELLANOS pitches campaign to paint Trump as ‘flawed strongman’ – CRUZ wins PLAY OF THE DAY -- B’DAY: Charlie Rose, Katie Lillie",http://www.politico.com/playbook/2016/01/politico-playbook-presented-by-ford-motor-company-rising-gop-alarm-about-trump-durability-cruz-strength-alex-castellanos-pitches-campaign-to-paint-trump-as-flawed-strongman-cruz-wins-play-of-the-day-bday-charlie-rose-katie-lillie-211985,politico,Foreign Policy/National Security,8.7,8.8
5626,"Poll: Rubio, Cruz gain on Trump in N.H.",http://www.politico.com/story/2016/02/new-hampshire-gop-poll-nbc-wall-street-journal-218762,politico,Foreign Policy/National Security,9.5,12.0
5632,"Poll: Trump ahead by 20, Cruz rising in New Hampshire",http://www.politico.com/story/2016/01/new-hampshire-trump-cruz-rubio-kasich-218037,politico,Foreign Policy/National Security,7.6,10.0
5640,"Pressed On Obamacare Replacement, Ted Cruz Dodges The Question",http://www.huffingtonpost.com/2016/01/28/ted-cruz-obamacare_n_9107714.html,huffpo,Health Care,9.5,8.4
5642,Pro-Clinton super PAC goes after Cruz,http://www.cnn.com/2016/01/14/politics/ted-cruz-clinton-super-pac-ad/index.html,cnn,Campaign Finance,9.5,9.6
5644,Pro-Cruz super PAC backers a mystery,http://www.politico.com/story/2016/01/ted-cruz-super-pac-mystery-217649,politico,Campaign Finance,9.9,12.4
5645,Pro-Cruz super PAC rips Rubio on immigration and national security in new ad,http://www.politico.com/story/2016/01/ted-cruz-marco-rubio-217697,politico,Foreign Policy/National Security,6.8,9.2
5646,Pro-Cruz super PAC sounds illegal immigration alarm in new mail,http://www.politico.com/story/2016/01/ted-cruz-super-pac-illegal-immigration-217584,politico,Campaign Finance,11.5,14.0
5647,Pro-Cruz super PAC uses Trump's words against him in new ad,http://www.politico.com/story/2016/01/ted-cruz-super-pac-ad-trump-218195,politico,Campaign Finance,9.9,12.4
5654,Rand Paul: Cruz over Trump,http://www.cnn.com/2016/01/21/politics/rand-paul-ted-cruz-donald-trump-worse/index.html,cnn,Foreign Policy/National Security,7.9,10.4
5665,Republican candidate Cruz tells immigrant violating laws has 'consequences',http://feeds.reuters.com/~r/Reuters/PoliticsNews/~3/gR7HPFn26rs/story01.htm,reuters,Immigration,8.7,8.8
5666,"Republican Candidates, Minus Donald Trump and Ted Cruz, Play Nice at Poverty Forum",http://www.nytimes.com/2016/01/10/us/politics/republican-candidates-minus-donald-trump-and-ted-cruz-play-nice-at-poverty-forum.html,nyt,Campaign Finance,8.4,8.4
5671,"Republican debate: GOP takes the stage as Trump, Cruz jockey for first in Iowa",http://www.cnn.com/2016/01/14/politics/republican-debate-2016-highlights/index.html,cnn,Immigration,11.1,11.2
5673,"REPUBLICAN DEBATE  Trump sparks nasty exchanges with Bush, Cruz",http://www.foxnews.com/politics/2016/02/13/fireworks-erupt-between-trump-and-bush-rubio-and-cruz-at-gop-debate.html,fox,Foreign Policy/National Security,8.0,8.0
5681,Rick Santorum: Ted Cruz Is An Inexperienced Grandstander,http://www.buzzfeed.com/andrewkaczynski/rick-santorum-ted-cruz-is-an-inexperienced-grandstander,buzzfeed,Foreign Policy/National Security,11.9,10.8
5682,Rival Factions of Top Donors Get Behind Marco Rubio and Ted Cruz,http://www.nytimes.com/2016/02/01/us/politics/rival-factions-of-top-donors-get-behind-marco-rubio-and-ted-cruz.html,nyt,Campaign Finance,8.0,8.0
5687,Rubio accuses Cruz of lying; Cruz turns on Trump,http://www.mcclatchydc.com/news/politics-government/election/article60988512.html,mcclatchy,Abortion,9.1,9.2
5691,Rubio and Cruz scramble to scoop up donations as Republican race broadens to more states,http://www.latimes.com/la-na-republicans-money-20160221-story.html,latimes,Campaign Finance,11.9,12.0
5692,"Rubio Avoids Attacking Trump, Hits Cruz Instead",http://www.huffingtonpost.com/2016/02/03/rubio-avoids-attacking-trump-hits-cruz-instead_n_9154342.html,huffpo,Foreign Policy/National Security,10.7,9.6
5695,Rubio Camp Accuses Cruz Backers of Dirty Facebook Tricks,http://blogs.wsj.com/washwire/2016/02/16/rubio-camp-accuses-cruz-backers-of-dirty-facebook-tricks/,wsj,Foreign Policy/National Security,6.8,6.8
5696,Rubio campaign opens new front in 'dishonesty' war with Cruz,http://www.cnn.com/2016/02/18/politics/marco-rubio-ted-cruz-obama-photo-trade/index.html,cnn,Immigration,9.5,9.6
5699,"Rubio, Cruz face barrage of attacks in Republican debate",http://hosted2.ap.org/APDEFAULT/3d281c11a96b4ad082fe88aa0db04305/Article_2016-02-06-US-GOP-2016/id-1c2de29247be4bd7b9b53845a5596d05,ap,Immigration,13.0,12.0
5703,"Rubio, Cruz release tax summaries in challenge to Trump",http://hosted2.ap.org/APDEFAULT/3d281c11a96b4ad082fe88aa0db04305/Article_2016-02-28-US--GOP%202016-Taxes/id-70d1b2419b8f443182d327c064194316,ap,Abortion,11.9,12.0
5704,"Rubio, Cruz rip Trump 'con job' as Super Tuesday looms",http://feeds.foxnews.com/~r/foxnews/most-popular/~3/N1DPJ2B7xvo/rubio-cruz-rip-trump-con-job-as-super-tuesday-looms.html,fox,Immigration,10.7,10.8
5705,"Rubio, Cruz scramble to scoop up donations as Republican race broadens to more states",http://www.latimes.com/nation/politics/la-na-republicans-money-20160221-story.html,latimes,Campaign Finance,12.3,12.4
5706,"Rubio, Cruz tag-team Trump at fiery GOP debate",http://feeds.foxnews.com/~r/foxnews/most-popular/~3/kZAph2uw5AA/rubio-cruz-tag-team-trump-at-fiery-gop-debate.html,fox,Immigration,8.7,8.8
5707,"Rubio, Cruz throw it all at Trump",http://www.politico.com/story/2016/02/republican-debate-2016-opposition-research-donald-trump-219833,politico,Immigration,7.2,9.6
5711,"Rubio has most cash among rivals to GOP leaders Trump, Cruz",http://hosted2.ap.org/APDEFAULT/89ae8247abe8493fae24405546e9a1aa/Article_2016-02-01-US--Campaign%202016-Money/id-5f263aaea3ba4f1a8f4dd721e23239e0,ap,Campaign Finance,8.0,8.0
5712,"Rubio is up, Cruz wobbling, Trump OK as candidates make final Iowa pitches",http://www.mcclatchydc.com/news/politics-government/election/article57371518.html,mcclatchy,Immigration,7.6,7.6
5714,Rubio knocks Cruz for disparaging 'New York values' but taking NYC money,http://www.cnn.com/2016/01/17/politics/marco-rubio-ted-cruz-immigration-new-york-values/index.html,cnn,Immigration,11.1,11.2
5717,Rubio rips Cruz: Only consistent on 'political calculation',http://www.cnn.com/2016/01/15/politics/marco-rubio-ted-cruz-record-fight/index.html,cnn,Immigration,12.3,11.2
5718,Rubio seizes Cruz's message in Iowa,http://www.cnn.com/2016/01/19/politics/marco-rubio-ted-cruz-iowa/index.html,cnn,Abortion,11.5,10.4
5722,"Rubio to Cruz: If I'm so 'establishment,' why are they attacking me?",http://www.politico.com/story/2016/01/marco-rubio-attacks-218062,politico,Campaign Finance,9.9,12.4
5723,Rubio to Cruz: You don't speak Spanish,http://www.politico.com/blogs/south-carolina-primary-2016-live-updates-and-results/2016/02/2016-gop-debate-rubio-cruz-spanish-219265,politico,Immigration,7.2,9.6
5729,Santorum campaign's 1st ad attacks Cruz,http://feeds.foxnews.com/~r/foxnews/politics/~3/o7D_s5d4B28/santorum-campaigns-1st-ad-attacks-cruz.html,fox,Foreign Policy/National Security,7.2,8.4
5733,"Senator Rubio & Senator Cruz: Strategy of Mocking and Vilifying Mr. Trump, Is It Worth Falling from Grace? What Is Won? More Relevant -- What Is Lost?",http://www.huffingtonpost.com/noel-irwin-hentschel/senator-rubio-senator-cru_b_9351798.html,huffpo,Foreign Policy/National Security,9.9,8.8
5735,Sheldon Adelson Donates Maximum to Ted Cruz in November,http://blogs.wsj.com/washwire/2016/02/01/sheldon-adelson-donates-maximum-to-ted-cruz-in-november/,wsj,Campaign Finance,6.8,6.8
5736,Soros: Trump and Cruz are 'doing the work of ISIS',http://www.politico.com/story/2016/01/donald-trump-ted-cruz-isil-218075,politico,Foreign Policy/National Security,9.5,12.0
5737,South Carolina Battleground: Trump Must Gut Cruz On Defense,http://www.huffingtonpost.com/peter-navarro-and-greg-autry/the-south-carolina-battleground_b_9225896.html,huffpo,Foreign Policy/National Security,11.1,11.2
5740,"South Carolina tag team smackdown: Cruz, Trump, Rubio",http://www.mcclatchydc.com/news/politics-government/election/article60939442.html,mcclatchy,Immigration,8.0,8.0
5744,Takeaways from Ted Cruz's Iowa road trip,http://www.cnn.com/2016/01/10/politics/cruz-iowa-takeaways/index.html,cnn,Campaign Finance,8.7,10.0
5747,Tancredo Thinks He Might Be Useful to Cruz Later,http://www.huffingtonpost.com/jason-salzman/tancredo-thinks-he-might_b_9264904.html,huffpo,Immigration,5.2,6.4
5748,"Tea Party Rep: Despite Ties to Goldman Sachs, Ted Cruz Will Fight Wall St",http://www.huffingtonpost.com/lauren-windsor/tea-party-rep-despite-tie_b_9027526.html,huffpo,Campaign Finance,9.5,9.6
5749,Ted Cruz: 2016 Is a ‘Referendum’ on the Supreme Court,http://blogs.wsj.com/washwire/2016/02/15/ted-cruz-2016-is-a-referendum-on-the-supreme-court/,wsj,Abortion,6.0,7.2
5750,Ted Cruz ad features business suits crossing border,http://www.cnn.com/2016/01/05/politics/ted-cruz-immigration-border-ad-business-suits/index.html,cnn,Immigration,8.7,10.0
5751,Ted Cruz ad in South Carolina hits Trump's character,http://www.cnn.com/2016/02/11/politics/ted-cruz-donald-trump-2016-attack-ad/index.html,cnn,Immigration,10.7,10.8
5753,Ted Cruz and Allies Work to Halt Donald Trump’s Gains,http://www.nytimes.com/2016/01/27/us/politics/ted-cruz-and-allies-work-to-halt-donald-trumps-gains.html,nyt,Campaign Finance,5.6,6.8
5754,Ted Cruz and Donald Trump Have Deepest Pockets Ahead of ‘Super Tuesday’,http://www.nytimes.com/2016/02/22/us/politics/ted-cruz-and-donald-trump-have-deepest-pockets-ahead-of-super-tuesday.html,nyt,Campaign Finance,8.0,8.0
5757,"Ted Cruz And Donald Trump Oppose Immigration Reform, But Could Be Helping The Cause Anyway",http://www.huffingtonpost.com/2016/02/02/donald-trump-ted-cruz-immigration-reform_n_9144926.html,huffpo,Immigration,13.4,12.4
5769,Ted Cruz Campaign Fundraising Surges Ahead Of Ben Carson,http://www.huffingtonpost.com/2016/02/20/ted-cruz-ben-carson-campaign-fundraising_n_9283470.html,huffpo,Campaign Finance,6.8,8.0
5772,Ted Cruz Claims The Other Guys Are The Ones Getting 'Nasty',http://www.huffingtonpost.com/2016/02/21/ted-cruz-nasty_n_9285814.html,huffpo,Campaign Finance,9.1,9.2
5775,Ted Cruz Continues to Wrestle With His Own Health Insurance,http://blogs.wsj.com/washwire/2016/01/22/ted-cruz-continues-to-wrestle-with-his-own-health-insurance/,wsj,Health Care,11.5,10.4
5776,Ted Cruz Counters Donald Trump With Targeted Approach in Iowa,http://www.nytimes.com/2016/01/31/us/politics/ted-cruz-counters-donald-trump-with-targeted-approach-in-iowa.html,nyt,Campaign Finance,7.6,8.8
5777,"Ted Cruz, counting on evangelicals, is in a tough Iowa homestretch",http://www.mcclatchydc.com/news/politics-government/election/article57382058.html,mcclatchy,Immigration,9.1,9.2
5779,Ted Cruz delivers mock State of the Union address,http://www.politico.com/blogs/state-of-the-union-2016/2016/01/ted-cruz-mock-state-of-the-union-address-217673,politico,Campaign Finance,7.2,9.6
5780,Ted Cruz did not disclose 2012 Senate campaign loan: NY Times,http://feeds.reuters.com/~r/Reuters/PoliticsNews/~3/1uzs6uCaDHM/story01.htm,reuters,Campaign Finance,10.7,10.8
5781,Ted Cruz did not disclose 2012 U.S. Senate campaign loan -NY Times,http://feeds.reuters.com/~r/reuters/financialsNews/~3/5Oi6f0JtOaQ/story01.htm,reuters,Campaign Finance,10.7,10.8
5783,Ted Cruz dismisses Trump's 'political noise' over Canadian birth,http://www.cnn.com/2016/01/06/politics/ted-cruz-birthplace-donald-trump/index.html,cnn,Immigration,8.7,8.8
5786,Ted Cruz: Donald Trump can't beat Hillary Clinton,http://www.cnn.com/2016/02/28/politics/ted-cruz-trump-will-lose-to-hillary-clinton/index.html,cnn,Foreign Policy/National Security,10.3,10.4
5794,Ted Cruz Endures More Hits From Rivals After Tough Debate,http://www.nytimes.com/2016/01/30/us/politics/ted-cruz-republican-debate.html,nyt,Campaign Finance,7.2,8.4
5800,"Ted Cruz flubs his family's health insurance, blames (naturally) Obamacare",http://www.latimes.com/la-fi-mh-ted-cruz-blames-naturally-obamacare-20160121-column.html,latimes,Health Care,9.5,8.4
5810,Ted Cruz In 2013 On Sarah Palin: “She Can Pick Winners”,http://www.buzzfeed.com/meganapper/ted-cruz-in-2013-on-sarah-palin-she-can-pick-winners,buzzfeed,Abortion,12.7,8.0
5813,Ted Cruz Is No Jack Kennedy,http://www.politico.com/magazine/story/2016/01/ted-cruz-john-f-kennedy-213545,politico,Immigration,9.9,8.8
5816,Ted Cruz Loses His Cool With A Voter Who Actually Challenges Him On Syria,http://www.huffingtonpost.com/2016/02/05/ted-cruz-syria_n_9173796.html,huffpo,Foreign Policy/National Security,7.6,7.6
5818,"Ted Cruz, Marco Rubio Give GOP Some Hope In South Carolina",http://www.huffingtonpost.com/2016/02/20/ted-cruz-marco-rubio-south-carolina_n_9283578.html,huffpo,Foreign Policy/National Security,10.7,9.6
5827,Ted Cruz Picks Up $1 Million in Donations From Shipping Magnate Richard Uihlein,http://blogs.wsj.com/washwire/2016/01/07/ted-cruz-picks-up-1-million-in-donations-from-shipping-magnate-richard-uihlein/,wsj,Campaign Finance,7.2,8.4
5830,Ted Cruz prepares a big surprise in New Hampshire,http://www.politico.com/story/2016/01/ted-cruz-new-hampshire-217663,politico,Campaign Finance,10.7,12.0
5834,Ted Cruz Rejects Trump Plan for Mass Immigrant Roundup,http://blogs.wsj.com/washwire/2016/01/10/ted-cruz-rejects-trump-plan-for-mass-immigrant-roundup/,wsj,Immigration,8.0,8.0
5835,Ted Cruz Reserves Venue for One-on-One Debate With Donald Trump,http://blogs.wsj.com/washwire/2016/01/27/ted-cruz-reserves-space-for-one-on-one-debate-with-donald-trump/,wsj,Abortion,6.8,6.8
5837,Ted Cruz rivals pounce on trust issues,http://hosted2.ap.org/APDEFAULT/89ae8247abe8493fae24405546e9a1aa/Article_2016-02-16-US-GOP-2016-Cruz/id-97e2937edca14fb5a3938a8dac8d06bd,ap,Abortion,9.5,9.6
5838,Ted Cruz's Anti-Immigration Ad Stokes Economic Anxiety,http://www.huffingtonpost.com/2016/01/05/ted-cruz-immigration-ad_n_8917234.html,huffpo,Immigration,13.4,11.2
5840,Ted Cruz says Donald Trump is for 'amnesty',http://www.cnn.com/2016/01/23/politics/ted-cruz-donald-trump-immigration-amnesty/index.html,cnn,Immigration,12.7,10.4
5842,Ted Cruz Says It Would Be 'Nuts' To Draft Women,http://www.huffingtonpost.com/2016/02/07/ted-cruz-military-draft-women_n_9183460.html,huffpo,Foreign Policy/National Security,7.6,7.6
5844,Ted Cruz Says Only He Can Beat Donald Trump,http://blogs.wsj.com/washwire/2016/02/10/ted-cruz-says-only-he-can-beat-donald-trump/,wsj,Health Care,6.8,6.8
5846,Ted Cruz Says Voters Don’t Want Attacks — Then Takes Aim at Donald Trump,http://blogs.wsj.com/washwire/2016/02/04/ted-cruz-says-voters-dont-want-attacks-then-takes-aim-at-donald-trump/,wsj,Immigration,7.2,8.4
5849,Ted Cruz's conventional campaign to win Iowa,http://www.cnn.com/2016/02/02/politics/ted-cruz-iowa-caucuses-2016/index.html,cnn,Campaign Finance,11.1,11.2
5852,Ted Cruz's immigration reversal,http://www.cnn.com/2016/01/06/politics/ted-cruz-immigration-2016-election/index.html,cnn,Immigration,9.9,10.0
5857,Ted Cruz staggers into final weekend,http://www.politico.com/story/2016/01/ted-cruz-iowa-homestretch-218430,politico,Campaign Finance,9.9,11.2
5858,Ted Cruz Starts to Crack G.O.P. Establishment’s Wall of Opposition,http://www.nytimes.com/2016/01/14/us/politics/ted-cruz-starts-to-crack-gop-establishments-wall-of-opposition.html,nyt,Campaign Finance,8.0,8.0
5859,"Ted Cruz, Star Wars Fan, Declines to Sign ‘Jedi Pledge’ on Campaign Finance Reform",http://blogs.wsj.com/washwire/2016/01/22/ted-cruz-star-wars-fan-declines-to-sign-jedi-pledge-on-campaign-finance-reform/,wsj,Campaign Finance,9.5,9.6
5860,"Ted Cruz Sticks With Religion, Reagan in New Hampshire Appeal",http://blogs.wsj.com/washwire/2016/02/02/ted-cruz-sticks-with-religion-reagan-in-new-hampshire-appeal/,wsj,Immigration,7.6,7.6
5862,Ted Cruz Super PAC Ad Questions Whether Marco Rubio Serious Enough to Be President,http://blogs.wsj.com/washwire/2016/01/04/ted-cruz-super-pac-ad-questions-whether-marco-rubio-serious-enough-to-be-president/,wsj,Foreign Policy/National Security,6.8,8.0
5863,"Ted Cruz Supporters Are Angry, Confused And Unsure What To Do",http://www.huffingtonpost.com/2016/02/20/ted-cruz-supporters-south-carolina_n_9283648.html,huffpo,Abortion,9.9,10.0
5865,Ted Cruz tangles with Iowa voter over Obamacare,http://www.politico.com/story/2016/01/ted-cruz-iowa-obamacare-voter-218450,politico,Campaign Finance,7.6,10.0
5867,Ted Cruz taunts Donald Trump over his slipping lead and Twitter habits,http://www.politico.com/story/2016/01/ted-cruz-donald-trump-twitter-217877,politico,Abortion,7.9,10.4
5871,"Ted Cruz: To Help Stop Drug Abuse, Build the Mexico Border Wall",http://blogs.wsj.com/washwire/2016/02/04/ted-cruz-to-help-stop-drug-abuse-build-the-mexico-border-wall/,wsj,Immigration,8.4,8.4
5874,"Ted Cruz Tried To Show Off His Español To Marco Rubio, But He Fell Flat",http://www.huffingtonpost.com/2016/02/14/ted-cruz-spanish_n_9233814.html,huffpo,Immigration,9.1,8.0
5875,"Ted Cruz Tries A New Look, Ruthless Warrior Who Makes Friends",http://www.huffingtonpost.com/2016/02/19/ted-cruz-coalition-south-carolina_n_9277068.html,huffpo,Foreign Policy/National Security,11.1,10.0
5876,Ted Cruz tries to seize Rand Paul's libertarian mantle,http://www.cnn.com/2016/02/04/politics/ted-cruz-new-hampshire-rand-paul/index.html,cnn,Campaign Finance,11.1,11.2
5877,"Ted Cruz: Trump Will Let Deported Immigrants Back In, I Won't",http://www.buzzfeed.com/andrewkaczynski/ted-cruz-trump-will-let-deported-immigrants-back-in-i-wont,buzzfeed,Immigration,8.0,8.0
5879,"Ted Cruz, under fire, begins to stumble in a very bad week",http://www.mcclatchydc.com/news/politics-government/election/article56146805.html,mcclatchy,Immigration,9.5,9.6
5880,"Ted Cruz Warbles Stevie Wonder Song, Then Resumes Attacks on Rubio, Trump",http://blogs.wsj.com/washwire/2016/02/18/ted-cruz-warbles-stevie-wonder-song-then-resumes-attacks-on-rubio-trump/,wsj,Abortion,8.0,8.0
5881,Ted Cruz Warns Donald Trump Would Nominate A Liberal Justice,http://www.huffingtonpost.com/2016/02/15/ted-cruz-donald-trump_n_9237436.html,huffpo,Abortion,10.3,9.2
5885,Ted Cruz worry: Big South Carolina loss equals bad Super Tuesday,http://www.cnn.com/2016/02/19/politics/ted-cruz-south-carolina-super-tuesday/index.html,cnn,Abortion,9.1,10.4
5886,Ted Cruz wrestles with birther debate,http://www.politico.com/story/2016/01/ted-cruz-birther-debate-217469,politico,Financial Regulation,10.3,11.6
5892,Texas lawyer sues Cruz to challenge eligibility,http://feeds.reuters.com/~r/Reuters/PoliticsNews/~3/hhRvkXDxsvk/story01.htm,reuters,Abortion,10.3,9.2
5896,The 2016 Race: Underestimating Cruz and Trump: A Post-Mortem,http://www.nytimes.com/2016/01/19/upshot/underestimating-cruz-and-trump-a-post-mortem.html,nyt,Campaign Finance,8.4,8.4
5898,The Ad Campaign: Donald Trump Blasts Ted Cruz Using the Senator’s Own Words,http://www.nytimes.com/2016/01/23/us/politics/donald-trump-blasts-ted-cruz-using-the-senators-own-words.html,nyt,Immigration,8.0,8.0
5899,The Ad Campaign: Donald Trump Takes Aim at Ted Cruz Again,http://www.nytimes.com/2016/02/11/us/politics/donald-trump-takes-aim-at-ted-cruz-again.html,nyt,Immigration,5.2,6.4
5900,The Ad Campaign: Marco Rubio ‘Super PAC’ Portrays Ted Cruz as Fickle,http://www.nytimes.com/2016/01/21/us/politics/marco-rubio-super-pac-portrays-ted-cruz-as-fickle.html,nyt,Immigration,6.4,7.6
5901,The Ad Campaign: Ted Cruz Ad Goes After Donald Trump’s Stance on Planned Parenthood,http://www.nytimes.com/2016/02/16/us/politics/ted-cruz-ad-goes-after-donald-trumps-stance-on-planned-parenthood.html,nyt,Abortion,8.0,8.0
5902,The Ad Campaign: Ted Cruz Reminds Iowans That Donald Trump Called Them ‘Stupid’,http://www.nytimes.com/2016/01/26/us/politics/ted-cruz-reminds-iowans-that-donald-trump-called-them-stupid.html,nyt,Abortion,4.8,6.0
5903,The Conversation: A Triumph for Ted Cruz,http://www.nytimes.com/2016/02/02/opinion/campaign-stops/a-triumph-for-ted-cruz.html,nyt,Campaign Finance,7.6,7.6
5905,The freshman with more Senate sway than Cruz or Rubio,http://www.politico.com/story/2016/01/mike-lee-utah-senate-217251,politico,Immigration,8.7,10.0
5908,The Latest: Bible prominent in final Cruz pitches to voters,http://hosted2.ap.org/APDEFAULT/89ae8247abe8493fae24405546e9a1aa/Article_2016-01-30-US-Campaign-2016-The-Latest/id-6fef2c7fbdfc4d57a9305a6a34e17369,ap,Immigration,9.1,9.2
5911,"The Latest: Christie to NH: Cruz, Rubio, not ready to lead",http://hosted2.ap.org/APDEFAULT/89ae8247abe8493fae24405546e9a1aa/Article_2016-02-01-US-2016-Election-The-Latest/id-dd7f116a221d4ba99cac099cd552d808,ap,Campaign Finance,7.6,8.8
5915,The Latest: Cruz and Trump go head-to head,http://hosted2.ap.org/APDEFAULT/3d281c11a96b4ad082fe88aa0db04305/Article_2016-01-14-US--GOP%202016-Debate-The%20Latest/id-c44a8eb30829474ba3f0d5ec618655c6,ap,Foreign Policy/National Security,7.2,7.2
5924,The Latest: Cruz defends 'voting violation' mailer,http://hosted2.ap.org/APDEFAULT/89ae8247abe8493fae24405546e9a1aa/Article_2016-01-30-US-Campaign-2016-The-Latest/id-1d5a0e2cd1674caa96fac81ecfd94f68,ap,Immigration,9.1,9.2
5929,The Latest: Cruz gets nod from actor Clint Howard,http://hosted2.ap.org/APDEFAULT/89ae8247abe8493fae24405546e9a1aa/Article_2016-01-29-US-Campaign-2016-The-Latest/id-c4db083fbf104bfe90c60dc600631e59,ap,Campaign Finance,9.1,9.2
5930,The Latest: Cruz: Leave school lunch decisions to districts,http://hosted2.ap.org/APDEFAULT/89ae8247abe8493fae24405546e9a1aa/Article_2016-01-30-US--Campaign%202016-The%20Latest/id-b323671807584bac909199cb54698587,ap,Immigration,9.1,9.2
5935,The Latest: Cruz supporters spend $1 million on ads,http://hosted2.ap.org/APDEFAULT/89ae8247abe8493fae24405546e9a1aa/Article_2016-01-04-US-Campaign-2016-The-Latest/id-3c37ed46fe5e4af2bc307d28dc1e5092,ap,Immigration,9.9,10.0
5938,"The Latest: Cruz, Trump offer closing arguments to SC",http://hosted2.ap.org/APDEFAULT/89ae8247abe8493fae24405546e9a1aa/Article_2016-02-13-US--GOP%202016-Debate-The%20Latest/id-186a6ba0ec33404b81aa779099f9544f,ap,Foreign Policy/National Security,9.1,9.2
5943,The Latest: Iowa election official criticizes Cruz mailer,http://hosted2.ap.org/APDEFAULT/89ae8247abe8493fae24405546e9a1aa/Article_2016-01-30-US--Campaign%202016-The%20Latest/id-20f11eba017f4597ad9e1ae8e3950769,ap,Immigration,9.1,9.2
5953,"The Rise Of The Unfit: Trump, Cruz and Rubio",http://www.huffingtonpost.com/richard-north-patterson/the-rise-of-the-unfit-tru_b_9131344.html,huffpo,Foreign Policy/National Security,10.3,9.2
5956,The Trump-Cruz beef is sizzling,http://www.politico.com/tipsheets/the-2016-blast/2016/02/the-trump-cruz-beef-is-sizzling-212693,politico,Health Care,9.5,9.6
5960,"THUMP TRUMP STRATEGY: Mocking, name-calling, accusations &mdash; Rubio, Cruz trade fire with frontrunner in pre-Super Tuesday showdown",http://www.foxnews.com/politics/2016/02/26/rubio-cruz-trade-fire-with-trump-in-pre-super-tuesday-showdown.html,fox,Immigration,8.7,8.8
5963,Tony Perkins endorses Ted Cruz,http://www.politico.com/story/2016/01/tony-perkins-endorses-ted-cruz-218267,politico,Abortion,8.3,10.8
5964,Top Hispanic Dem: Cruz and Rubio 'running from their heritage',http://www.politico.com/story/2016/02/xavier-becerra-ted-cruz-marco-rubio-218952,politico,Immigration,8.3,10.8
5968,Trump accuses Cruz of supporting 'amnesty',http://www.politico.com/story/2016/01/donald-trump-ted-cruz-amnesty-immigration-217433,politico,Immigration,7.9,9.2
5970,Trump ad hits Cruz on immigration,http://www.politico.com/story/2016/01/trump-ad-ted-cruz-immigration-218100,politico,Immigration,7.9,10.4
5975,Trump and Cruz try out new attacks on each other,http://www.politico.com/story/2016/01/trump-ted-cruz-feud-218059,politico,Immigration,9.5,10.8
5976,Trump and Rubio attack Cruz at South Carolina town halls,http://feeds.foxnews.com/~r/foxnews/most-popular/~3/0csdHNFbg7o/trump-and-rubio-attack-cruz-at-south-carolina-town-halls.html,fox,Abortion,8.4,8.4
5977,"Trump attacks Cruz on immigration, faces revolt from GOP magazine",http://www.mcclatchydc.com/news/politics-government/election/article56034220.html,mcclatchy,Immigration,11.5,10.4
5979,Trump: Banks have 'total control' over Cruz,http://www.cnn.com/2016/02/19/politics/donald-trump-ted-cruz-goldman-sachs/index.html,cnn,Campaign Finance,9.5,9.6
5980,Trump booed as he escalates feud with Cruz,http://www.politico.com/story/2016/01/donald-trump-booed-ted-cruz-2016-217889,politico,Abortion,7.2,9.6
5984,Trump campaign manager knocks Cruz over immigration,http://www.cnn.com/2016/01/05/politics/corey-lewandowski-donald-trump-ted-cruz-immigration/index.html,cnn,Immigration,7.6,8.8
5985,Trump Campaign Manager: Trump Will Debate Cruz Once Judge Rules Him Eligible To Run,http://www.buzzfeed.com/christophermassie/trump-campaign-manager-trump-will-debate-cruz-once-judge-rul,buzzfeed,Campaign Finance,16.9,16.0
5986,Trump camp says he'll debate Cruz once he proves eligibility,http://www.politico.com/story/2016/01/donald-trump-ted-cruz-eligibility-218359,politico,Campaign Finance,10.7,12.0
5993,"Trump, Cruz assert their standing atop Republican field",http://hosted2.ap.org/APDEFAULT/3d281c11a96b4ad082fe88aa0db04305/Article_2016-01-15-US--GOP%202016-Debate/id-2f28ce03824249eaa42cb6e5a5248e17,ap,Foreign Policy/National Security,10.3,9.2
5994,"Trump, Cruz clash over eligibility, ‘New York values’ at GOP debate",http://feeds.foxnews.com/~r/foxnews/most-popular/~3/xcmPO7VPaU8/trump-cruz-clash-over-eligibility-new-york-values-at-gop-debate.html,fox,Immigration,8.4,8.4
5995,"Trump, Cruz clash over White House eligibility in tense Republican debate",http://feeds.reuters.com/~r/reuters/MostRead/~3/mlKPw6ncUzg/story01.htm,reuters,Abortion,8.7,8.8
5998,"Trump, Cruz Face Off At South Carolina GOP Debate",http://www.huffingtonpost.com/2016/01/15/trump-cruz-showdown-gop-debate_n_8990710.html,huffpo,Abortion,8.4,8.4
5999,Trump-Cruz Feud Turns to Sniping Over Free Hotel Stays,http://blogs.wsj.com/washwire/2016/01/26/trump-cruz-feud-turns-to-sniping-over-free-hotel-stays/,wsj,Abortion,5.6,6.8
6001,Trump: Cruz is 'like a little baby',http://www.cnn.com/2016/02/23/politics/donald-trump-ted-cruz-nevada-baby/index.html,cnn,Abortion,7.2,8.4
6004,Trump: Cruz 'made a lot of mistakes',http://www.politico.com/story/2016/01/trump-ted-cruz-debate-reaction-217837,politico,Campaign Finance,6.0,9.6
6006,Trump-Cruz rivalry intensifies in rollicking GOP debate,http://hosted2.ap.org/APDEFAULT/3d281c11a96b4ad082fe88aa0db04305/Article_2016-01-15-US--GOP%202016-Debate-Takeaways/id-263b45c43cb84692afc8e6a93017e124,ap,Foreign Policy/National Security,8.4,8.4
6012,"Trump: Cruz's Failure To Disclose Bank Loans ""A Tremendous Sin""",http://www.buzzfeed.com/christophermassie/trump-cruzs-failure-to-disclose-bank-loans-a-tremendous-sin,buzzfeed,Immigration,8.7,11.2
6013,Trump: Cruz 'single biggest liar' in the race,http://www.politico.com/blogs/south-carolina-primary-2016-live-updates-and-results/2016/02/2016-gop-trump-cruz-liar-219267,politico,Abortion,7.9,10.4
6014,Trump: Cruz's undisclosed Goldman Sachs loan a 'very big thing',http://www.politico.com/story/2016/01/ted-cruz-goldman-sachs-loan-trump-217753,politico,Financial Regulation,8.3,10.8
6017,"Trump, Cruz Trade Barbs",http://blogs.wsj.com/washwire/2016/01/31/trump-cruz-trade-barbs/,wsj,Campaign Finance,5.2,6.4
6023,Trump fever has broken. Cruz out-organized him. Here's what's next,http://feeds.foxnews.com/~r/foxnews/most-popular/~3/qVLT2f_WMsg/trump-fever-has-broken-cruz-out-organized-him-heres-whats-next.html,fox,Foreign Policy/National Security,8.4,8.4
6024,Trump fumes as Cruz steals wall mojo,http://www.politico.com/story/2016/01/ted-cruz-donald-trump-border-wall-mexico-217372,politico,Immigration,8.3,9.6
6029,"Trump Hammers Birther Charge, Dismisses Cruz As 'The Canadian'",http://www.npr.org/2016/01/26/464375175/trump-hammers-birther-charge-dismisses-cruz-as-the-canadian,npr,Immigration,10.3,10.4
6036,Trump kicks Cruz while he's down,http://www.politico.com/story/2016/01/trump-ted-cruz-iowa-218410,politico,Financial Regulation,9.1,10.4
6040,Trump mocks Cruz's plan to campaign with ‘wacko’ Glenn Beck,http://www.politico.com/story/2016/01/trump-cruz-glenn-beck-218058,politico,Campaign Finance,7.2,9.6
6042,Trump now bills himself as uniter as Cruz and others attack,http://hosted2.ap.org/APDEFAULT/3d281c11a96b4ad082fe88aa0db04305/Article_2016-01-26-US--GOP%202016-Trump-Cruz/id-d69867a3c97946d597a940780d0d12a1,ap,Campaign Finance,8.7,8.8
6043,Trump on Cruz citizenship: 'It's not a settled matter',http://www.cnn.com/2016/01/11/politics/donald-trump-ted-cruz-attack-immigration-citizenship/index.html,cnn,Immigration,10.7,10.8
6048,"Trump previews fight with Rubio, calls Cruz a 'nervous wreck'",http://www.cnn.com/2016/02/24/politics/donald-trump-gop-nomination-ted-cruz-marco-rubio/index.html,cnn,Immigration,10.3,10.4
6049,"Trump pulls negative Cruz ad, puts up positive spot",http://www.cnn.com/2016/02/11/politics/donald-trump-positive-ad-negative-ted-cruz/index.html,cnn,Immigration,10.7,10.8
6051,Trump releases first political attack ad against rival Cruz,http://hosted2.ap.org/APDEFAULT/89ae8247abe8493fae24405546e9a1aa/Article_2016-01-22-US--GOP%202016-Trump-Ad/id-53cd4ac6d7974454853bf964db986b99,ap,Immigration,10.3,10.4
6052,Trump repeats vulgar word audience member uses to describe Cruz,http://www.cnn.com/2016/02/08/politics/donald-trump-ted-cruz-waterboarding/index.html,cnn,Immigration,7.6,8.8
6055,"Trump, Rubio, Cruz all want to repeal ObamaCare. But none of them has a plan to replace it",http://feeds.foxnews.com/~r/foxnews/opinion/~3/aDaB_mrFV6c/trump-rubio-cruz-all-want-to-repeal-obamacare-but-none-them-has-plan-to-replace-it.html,fox,Health Care,10.3,9.2
6056,Trump's and Cruz's Contemptible Game of 'One-Downmanship',http://www.huffingtonpost.com/dorian-de-wind/trumps-and-cruzs-contempt_b_9020466.html,huffpo,Immigration,11.5,10.4
6061,Trump's immigration outrage poses challenge for Cruz in Texas,http://feeds.reuters.com/~r/reuters/MostRead/~3/o_UR70RbB6s/story01.htm,reuters,Immigration,10.3,10.4
6063,Trump slams former Mexican leader over profanity-laced border wall comment - VIDEO: Trump: I knew Rubio and Cruz would come after me,http://www.foxnews.com/politics/2016/02/26/trump-slams-former-mexican-leader-over-border-wall.html,fox,Immigration,7.6,7.6
6073,Trump threatens to sue Cruz unless his GOP rival apologizes,http://feeds.foxnews.com/~r/foxnews/national/~3/2weCcuFkRHc/trump-threatens-to-sue-cruz-unless-his-gop-rival-apologizes.html,fox,Abortion,9.5,9.6
6076,Trump trashes Cruz as a 'nasty guy',http://www.politico.com/story/2016/01/trump-ted-cruz-terry-branstad-218006,politico,Campaign Finance,7.6,10.0
6079,"Trump tweets, deletes, tweets again that Cruz 'stole' Iowa",http://www.politico.com/story/2016/02/trump-cruz-stole-iowa-tweet-deleted-218674,politico,Foreign Policy/National Security,8.7,11.2
6080,"Trump unleashes on Cruz, threatens eligibility lawsuit over alleged 'lies'",http://feeds.foxnews.com/~r/foxnews/most-popular/~3/8LHnwvQ3uYA/trump-unleashes-on-cruz-threatens-eligibility-lawsuit-over-alleged-lies.html,fox,Abortion,9.5,9.6
6081,Trump unloads on Cruz,http://www.politico.com/tipsheets/the-2016-blast/2016/01/trump-unloads-on-cruz-212284,politico,Campaign Finance,9.1,10.4
6086,"Trump welcomes a senator, bashes Beck's support of Cruz",http://hosted2.ap.org/apdefault/3d281c11a96b4ad082fe88aa0db04305/Article_2016-01-23-US--GOP%202016-Iowa/id-36273117e28c435fa4454d63fb1feb54,ap,Abortion,10.7,9.6
6090,TrusTed Cruz,http://www.huffingtonpost.com/joe-peyronnin/trusted-cruz_b_9287174.html,huffpo,Abortion,7.6,7.6
6091,Trust Ted? Cruz facing growing attacks on credibility,http://hosted2.ap.org/APDEFAULT/386c25518f464186bf7a2ac026580ce7/Article_2016-01-31-US--GOP%202016-Cruz-Trust/id-a5cc3e4140094193b76dd52b7d711971,ap,Immigration,9.5,9.6
6094,"Viewer's Guide: Cruz, Trump, may clash on debate stage",http://hosted2.ap.org/APDEFAULT/4e67281c3f754d0696fbfdee0f3f1469/Article_2016-01-14-US--GOP%202016-Debate-Viewer's%20Guide/id-a79de31301da47828561ebd89bf1e256,ap,Foreign Policy/National Security,10.3,10.4
6099,"What Trump, Rubio and Cruz are betting on to win the Nevada caucuses",http://www.latimes.com/la-na-nevada-gop-caucuses-20160222-story.html,latimes,Immigration,9.5,9.6
6107,Who is Ted Cruz?,http://www.cnn.com/2016/02/02/politics/who-is-ted-cruz/index.html,cnn,Health Care,8.0,8.0
6108,Who's funding this pro-Ted Cruz super PAC?,http://www.cnn.com/2016/02/06/politics/ted-cruz-super-pac/index.html,cnn,Campaign Finance,11.9,10.8
6112,Why actor Clint Howard is campaigning for Cruz,http://www.cnn.com/2016/01/29/politics/clint-howard-conservative-ted-cruz/index.html,cnn,Abortion,7.9,9.2
6113,Why a Trump-Cruz ticket could be next after South Carolina debate,http://feeds.foxnews.com/~r/foxnews/opinion/~3/2fk4y4Q-t4k/why-trump-cruz-ticket-could-be-next-after-south-carolina-debate.html,fox,Foreign Policy/National Security,7.6,8.8
6114,Why Cruz decided to take on Trump,http://www.politico.com/story/2016/01/why-cruz-decided-to-take-on-trump-217733,politico,Campaign Finance,10.7,12.0
6116,Why Cruz is in trouble in Texas,http://www.cnn.com/2016/02/25/politics/ted-cruz-super-tuesday-texas/index.html,cnn,Campaign Finance,11.1,11.2
6119,Why these Iowans are choosing Trump over Cruz,http://www.cnn.com/2016/01/30/politics/iowa-trump-cruz-dubuque/index.html,cnn,Immigration,9.1,10.4
6122,Will the Death of Antonin Scalia Be a Turning Point for Ted Cruz?,http://www.huffingtonpost.com/david-paul/will-the-death-of-antonin_b_9280006.html,huffpo,Foreign Policy/National Security,13.4,13.6
